-- --------------------------------------------------------
-- Host:                         139.162.251.42
-- Server version:               5.7.17 - MySQL Community Server (GPL)
-- Server OS:                    Linux
-- HeidiSQL Version:             9.4.0.5125
-- --------------------------------------------------------

/*!40101 SET @OLD_CHARACTER_SET_CLIENT=@@CHARACTER_SET_CLIENT */;
/*!40101 SET NAMES utf8 */;
/*!50503 SET NAMES utf8mb4 */;
/*!40014 SET @OLD_FOREIGN_KEY_CHECKS=@@FOREIGN_KEY_CHECKS, FOREIGN_KEY_CHECKS=0 */;
/*!40101 SET @OLD_SQL_MODE=@@SQL_MODE, SQL_MODE='NO_AUTO_VALUE_ON_ZERO' */;


-- Dumping database structure for VerbExplorer
CREATE DATABASE IF NOT EXISTS `VerbExplorer` /*!40100 DEFAULT CHARACTER SET latin1 */;
USE `VerbExplorer`;

-- Dumping structure for table VerbExplorer.AnswerA
CREATE TABLE IF NOT EXISTS `AnswerA` (
  `answerID` varchar(10) NOT NULL,
  `questionID` varchar(10) NOT NULL,
  `answerValue` varchar(50) NOT NULL,
  `correctAnswer` tinyint(4) NOT NULL,
  PRIMARY KEY (`answerID`),
  KEY `questionID` (`questionID`),
  CONSTRAINT `AnswerA_ibfk_1` FOREIGN KEY (`questionID`) REFERENCES `QuestionA` (`questionID`) ON DELETE CASCADE ON UPDATE CASCADE
) ENGINE=InnoDB DEFAULT CHARSET=latin1;

-- Dumping data for table VerbExplorer.AnswerA: ~200 rows (approximately)
/*!40000 ALTER TABLE `AnswerA` DISABLE KEYS */;
INSERT INTO `AnswerA` (`answerID`, `questionID`, `answerValue`, `correctAnswer`) VALUES
	('A0111', 'Q011', 'Dw i\'n mynd', 1),
	('A0112', 'Q011', 'Ti\'n mynd', 0),
	('A0113', 'Q011', 'Mae hi\'n mynd', 0),
	('A0114', 'Q011', 'Dan ni\'n mynd', 0),
	('A0121', 'Q012', 'Ti\'n mynd', 1),
	('A0122', 'Q012', 'Dw i\'n mynd', 0),
	('A0123', 'Q012', 'Mae hi\'n mynd', 0),
	('A0124', 'Q012', 'Mi es i', 0),
	('A0131', 'Q013', 'Mae hi\'n mynd', 1),
	('A0132', 'Q013', 'Dw i\'n mynd', 0),
	('A0133', 'Q013', 'Ti\'n mynd', 0),
	('A0134', 'Q013', 'Mi es i', 0),
	('A0141', 'Q014', 'Mae o\'n mynd', 1),
	('A0142', 'Q014', 'Mae hi\'n mynd', 0),
	('A0143', 'Q014', 'Dw i\'n mynd', 0),
	('A0144', 'Q014', 'Ti\'n mynd', 0),
	('A0151', 'Q015', 'Dan ni\'n mynd', 1),
	('A0152', 'Q015', 'Mae o\'n mynd', 0),
	('A0153', 'Q015', 'Mae hi\'n mynd', 0),
	('A0154', 'Q015', 'Dw i\'n mynd', 0),
	('A0211', 'Q021', 'Mi es i', 1),
	('A0212', 'Q021', 'Mi est ti', 0),
	('A0213', 'Q021', 'Mi aeth o', 0),
	('A0214', 'Q021', 'Mi aeth hi', 0),
	('A0221', 'Q022', 'Mi est ti', 1),
	('A0222', 'Q022', 'Mi es i', 0),
	('A0223', 'Q022', 'Mi aeth o', 0),
	('A0224', 'Q022', 'Mi aeth hi', 0),
	('A0231', 'Q023', 'Mi aeth o', 1),
	('A0232', 'Q023', 'Mi aeth hi', 0),
	('A0233', 'Q023', 'Mi aethon nhw', 0),
	('A0234', 'Q023', 'Mi es i', 0),
	('A0241', 'Q024', 'Mi aeth hi', 1),
	('A0242', 'Q024', 'Mi aeth o', 0),
	('A0243', 'Q024', 'Mi aethon nhw', 0),
	('A0244', 'Q024', 'Mi gest ti', 0),
	('A0251', 'Q025', 'Mi aethon nhw', 1),
	('A0252', 'Q025', 'Mi geathon nhw', 0),
	('A0253', 'Q025', 'Mi aeth o', 0),
	('A0254', 'Q025', 'Mi aeth hi', 0),
	('A0311', 'Q031', 'Mi ges i', 1),
	('A0312', 'Q031', 'Mi gest ti', 0),
	('A0313', 'Q031', 'Mi aeth o', 0),
	('A0314', 'Q031', 'Mi aeth hi', 0),
	('A0321', 'Q032', 'Mi gest ti', 1),
	('A0322', 'Q032', 'Mi ges i', 0),
	('A0323', 'Q032', 'Mi aeth o', 0),
	('A0324', 'Q032', 'Mi aethon nhw', 0),
	('A0331', 'Q033', 'Mi geathon nhw', 1),
	('A0332', 'Q033', 'Mi aeth o', 0),
	('A0333', 'Q033', 'Mi aethon nhw', 0),
	('A0334', 'Q033', 'Mi ges i', 0),
	('A0341', 'Q034', 'Mi gaeth hi', 1),
	('A0342', 'Q034', 'Mi gaethon nhw', 0),
	('A0343', 'Q034', 'Mi gest ti', 0),
	('A0344', 'Q034', 'Mi aethon nhw', 0),
	('A0351', 'Q035', 'Gwrandwch', 1),
	('A0352', 'Q035', 'Cerddwch', 0),
	('A0353', 'Q035', 'Dudwch', 0),
	('A0354', 'Q035', 'Canwch', 0),
	('A0411', 'Q041', 'Eisteddwch', 1),
	('A0412', 'Q041', 'Dudwch', 0),
	('A0413', 'Q041', 'Gwrandwch', 0),
	('A0414', 'Q041', 'Canwch', 0),
	('A0421', 'Q042', 'Cerddwch', 1),
	('A0422', 'Q042', 'Eisteddwch', 0),
	('A0423', 'Q042', 'Dudwch', 0),
	('A0424', 'Q042', 'Canwch', 0),
	('A0431', 'Q043', 'Dudwch', 1),
	('A0432', 'Q043', 'Cerddwch', 0),
	('A0433', 'Q043', 'Canwch', 0),
	('A0434', 'Q043', 'Gwrandwch', 0),
	('A0441', 'Q044', 'Gwrandwch', 1),
	('A0442', 'Q044', 'Dudwch', 0),
	('A0443', 'Q044', 'Cerddwch', 0),
	('A0444', 'Q044', 'Neidiwch', 0),
	('A0451', 'Q045', 'Canwch', 1),
	('A0452', 'Q045', 'Gwrandwch', 0),
	('A0453', 'Q045', 'Dudwch', 0),
	('A0454', 'Q045', 'Cerddwch', 0),
	('A0511', 'Q051', 'Neidiwch', 1),
	('A0512', 'Q051', 'Brysiwch', 0),
	('A0513', 'Q051', 'Gwrandwch', 0),
	('A0514', 'Q051', 'Dudwch', 0),
	('A0521', 'Q052', 'Deffrwch', 1),
	('A0522', 'Q052', 'Neidiwch', 0),
	('A0523', 'Q052', 'Canwch', 0),
	('A0524', 'Q052', 'Siaradwch', 0),
	('A0531', 'Q053', 'Brysiwch', 1),
	('A0532', 'Q053', 'Deffrwch', 0),
	('A0533', 'Q053', 'Trafodwch', 0),
	('A0534', 'Q053', 'Neidiwch', 0),
	('A0541', 'Q054', 'Siaradwch', 1),
	('A0542', 'Q054', 'Deffrwch', 0),
	('A0543', 'Q054', 'Neidiwch', 0),
	('A0544', 'Q054', 'Trafodwch', 0),
	('A0551', 'Q055', 'Trafodwch', 1),
	('A0552', 'Q055', 'Siaradwch', 0),
	('A0553', 'Q055', 'Neidiwch', 0),
	('A0554', 'Q055', 'Brysiwch', 0),
	('A0611', 'Q061', 'Cofiwch', 1),
	('A0612', 'Q061', 'Ysgrifennwch', 0),
	('A0613', 'Q061', 'Darllenwch', 0),
	('A0614', 'Q061', 'Codwch', 0),
	('A0621', 'Q062', 'Ysgrifennwch', 1),
	('A0622', 'Q062', 'Cofiwch', 0),
	('A0623', 'Q062', 'Darllenwch', 0),
	('A0624', 'Q062', 'Prynwch', 0),
	('A0631', 'Q063', 'Darllenwch', 1),
	('A0632', 'Q063', 'Cofiwch', 0),
	('A0633', 'Q063', 'Ysgrifennwch', 0),
	('A0634', 'Q063', 'Prynwch', 0),
	('A0641', 'Q064', 'Codwch', 1),
	('A0642', 'Q064', 'Cofiwch', 0),
	('A0643', 'Q064', 'Ysgrifennwch', 0),
	('A0644', 'Q064', 'Prynwch', 0),
	('A0651', 'Q065', 'Prynwch', 1),
	('A0652', 'Q065', 'Ysgrifennwch', 0),
	('A0653', 'Q065', 'Codwch', 0),
	('A0654', 'Q065', 'Cofiwch', 0),
	('A0711', 'Q071', 'Tynnwch lun', 1),
	('A0712', 'Q071', 'Atebwch', 0),
	('A0713', 'Q071', 'Gwyliwch', 0),
	('A0714', 'Q071', 'Bwytwch', 0),
	('A0721', 'Q072', 'Atebwch', 1),
	('A0722', 'Q072', 'Tynnwch lun', 0),
	('A0723', 'Q072', 'Gwyliwch', 0),
	('A0724', 'Q072', 'Bwytwch', 0),
	('A0731', 'Q073', 'Gwyliwch', 1),
	('A0732', 'Q073', 'Tynnwch lun', 0),
	('A0733', 'Q073', 'Atebwch', 0),
	('A0734', 'Q073', 'Bwytwch', 0),
	('A0741', 'Q074', 'Bwytwch', 1),
	('A0742', 'Q074', 'Tynnwch lun', 0),
	('A0743', 'Q074', 'Gwyliwch', 0),
	('A0744', 'Q074', 'Yfwch', 0),
	('A0751', 'Q075', 'Yfwch', 1),
	('A0752', 'Q075', 'Tynnwch lun', 0),
	('A0753', 'Q075', 'Atebwch', 0),
	('A0754', 'Q075', 'Bwytwch', 0),
	('A0811', 'Q081', 'Dffro', 1),
	('A0812', 'Q081', 'Egwyl', 0),
	('A0813', 'Q081', 'Tyfu', 0),
	('A0814', 'Q081', 'Goresgyn', 0),
	('A0821', 'Q082', 'Egwyl', 1),
	('A0822', 'Q082', 'Dffro', 0),
	('A0823', 'Q082', 'Dewis', 0),
	('A0824', 'Q082', 'Tyfu', 0),
	('A0831', 'Q083', 'Dewis', 1),
	('A0832', 'Q083', 'Dffro', 0),
	('A0833', 'Q083', 'Egwyl', 0),
	('A0834', 'Q083', 'Tyfu', 0),
	('A0841', 'Q084', 'Tyfu', 1),
	('A0842', 'Q084', 'Dffro', 0),
	('A0843', 'Q084', 'Dewis', 0),
	('A0844', 'Q084', 'Egwyl', 0),
	('A0851', 'Q085', 'Goresgyn', 1),
	('A0852', 'Q085', 'Tyfu', 0),
	('A0853', 'Q085', 'Dewis', 0),
	('A0854', 'Q085', 'Dffro', 0),
	('A0911', 'Q091', 'Ychwanegol y mae hi', 1),
	('A0912', 'Q091', 'Rydym yn cyffddef ei fod', 0),
	('A0913', 'Q091', 'Gall wyf yn derbyn y', 0),
	('A0914', 'Q091', 'Hi yn caniatau iddo', 0),
	('A0921', 'Q092', 'Rydym yn cyffddef ei fod', 1),
	('A0922', 'Q092', 'Ychwanegol y mae hi', 0),
	('A0923', 'Q092', 'Gall wyf yn derbyn y', 0),
	('A0924', 'Q092', 'Hi yn caniatau iddo', 0),
	('A0931', 'Q093', 'Gall wyf yn derbyn y', 1),
	('A0932', 'Q093', 'Ychwanegol y mae hi', 0),
	('A0933', 'Q093', 'Rydym yn cyffddef ei fod', 0),
	('A0934', 'Q093', 'Hi yn caniatau iddo', 0),
	('A0941', 'Q094', 'Hi yn caniatau iddo', 1),
	('A0942', 'Q094', 'Gall wyf yn derbyn y', 0),
	('A0943', 'Q094', 'Ychwanegol y mae hi', 0),
	('A0944', 'Q094', 'Rydym yn cyffddef ei fod', 0),
	('A0951', 'Q095', 'Ydym yn ei gyhoeddi', 1),
	('A0952', 'Q095', 'I gyhoeddi ei', 0),
	('A0953', 'Q095', 'Byddwch yn cyhoeddi ei', 0),
	('A0954', 'Q095', 'Chi gyhoeddi ei', 0),
	('A1011', 'Q101', 'Mae hi\'n ymddangos heddiw', 1),
	('A1012', 'Q101', 'Mae\'n ymddangos heddiw', 0),
	('A1013', 'Q101', 'Ymddangosodd heddiw', 0),
	('A1014', 'Q101', 'Hi\'n ymddangos heddiw', 0),
	('A1021', 'Q102', 'Ei roi ar y', 1),
	('A1022', 'Q102', 'Mae\'n rhoi bod', 0),
	('A1023', 'Q102', 'Hi ynghlwm bod', 0),
	('A1024', 'Q102', 'Roedd ynghlwm bod', 0),
	('A1031', 'Q103', 'Rydym yn ei guro', 1),
	('A1032', 'Q103', 'Ff guro', 0),
	('A1033', 'Q103', 'Ei fod yn guro', 0),
	('A1034', 'Q103', 'Hi guro', 0),
	('A1041', 'Q104', 'Allaf ei', 1),
	('A1042', 'Q104', 'Gall hi ddod ag ef', 0),
	('A1043', 'Q104', 'Gall ddod ag ef', 0),
	('A1044', 'Q104', 'Ni allwn ddod ag ef', 0),
	('A1051', 'Q105', 'Nid ydynt yn twyllo', 1),
	('A1052', 'Q105', 'Maent yn twyllo', 0),
	('A1053', 'Q105', 'Nid yw\'n twyllo', 0),
	('A1054', 'Q105', 'Nad yw\'n twyllo', 0);
/*!40000 ALTER TABLE `AnswerA` ENABLE KEYS */;

-- Dumping structure for table VerbExplorer.LevelA
CREATE TABLE IF NOT EXISTS `LevelA` (
  `levelID` varchar(2) NOT NULL,
  `levelNo` int(11) NOT NULL,
  PRIMARY KEY (`levelID`)
) ENGINE=InnoDB DEFAULT CHARSET=latin1;

-- Dumping data for table VerbExplorer.LevelA: ~10 rows (approximately)
/*!40000 ALTER TABLE `LevelA` DISABLE KEYS */;
INSERT INTO `LevelA` (`levelID`, `levelNo`) VALUES
	('L0', 1),
	('L1', 2),
	('L2', 3),
	('L3', 4),
	('L4', 5),
	('L5', 6),
	('L6', 7),
	('L7', 8),
	('L8', 9),
	('L9', 10);
/*!40000 ALTER TABLE `LevelA` ENABLE KEYS */;

-- Dumping structure for table VerbExplorer.QuestionA
CREATE TABLE IF NOT EXISTS `QuestionA` (
  `questionID` varchar(4) NOT NULL,
  `levelID` varchar(2) NOT NULL,
  `questionTitle` varchar(70) NOT NULL,
  `questionHint` varchar(70) DEFAULT NULL,
  PRIMARY KEY (`questionID`),
  KEY `levelID` (`levelID`),
  CONSTRAINT `QuestionA_ibfk_1` FOREIGN KEY (`levelID`) REFERENCES `LevelA` (`levelID`) ON DELETE CASCADE ON UPDATE CASCADE
) ENGINE=InnoDB DEFAULT CHARSET=latin1;

-- Dumping data for table VerbExplorer.QuestionA: ~50 rows (approximately)
/*!40000 ALTER TABLE `QuestionA` DISABLE KEYS */;
INSERT INTO `QuestionA` (`questionID`, `levelID`, `questionTitle`, `questionHint`) VALUES
	('Q011', '1', 'What is I\'m going in Welsh', NULL),
	('Q012', '1', 'What is You are going in Welsh', NULL),
	('Q013', '1', 'What is She\'s going in Welsh', NULL),
	('Q014', '1', 'What is He\'s going in Welsh', NULL),
	('Q015', '1', 'What is We are going in Welsh', NULL),
	('Q021', '2', 'What is I went in Welsh', NULL),
	('Q022', '2', 'What is You went in Welsh', NULL),
	('Q023', '2', 'What is He went in Welsh', NULL),
	('Q024', '2', 'What is She went in Welsh', NULL),
	('Q025', '2', 'What is They went in Welsh', NULL),
	('Q031', '3', 'What is I had in Welsh', NULL),
	('Q032', '3', 'What is You had in Welsh', NULL),
	('Q033', '3', 'What is They had in Welsh', NULL),
	('Q034', '3', 'What is She had in Welsh', NULL),
	('Q035', '3', 'What is Listen in Welsh', NULL),
	('Q041', '4', 'What is Sit down in Welsh', NULL),
	('Q042', '4', 'What is Walk in Welsh', NULL),
	('Q043', '4', 'What is Say in Welsh', NULL),
	('Q044', '4', 'What is Listen in Welsh', NULL),
	('Q045', '4', 'What is Sing in Welsh', NULL),
	('Q051', '5', 'What is Jump in Welsh', NULL),
	('Q052', '5', 'What is Wake-up in Welsh', NULL),
	('Q053', '5', 'What is Hurry in Welsh', NULL),
	('Q054', '5', 'What is Speak in Welsh', NULL),
	('Q055', '5', 'What is Discuss in Welsh', NULL),
	('Q061', '6', 'What is Remember in Welsh', NULL),
	('Q062', '6', 'What is Write in Welsh', NULL),
	('Q063', '6', 'What is Read in Welsh', NULL),
	('Q064', '6', 'What is Get up in Welsh', NULL),
	('Q065', '6', 'What is Buy in Welsh', NULL),
	('Q071', '7', 'What is Draw in Welsh', NULL),
	('Q072', '7', 'What is Answer in Welsh', NULL),
	('Q073', '7', 'What is Watch in Welsh', NULL),
	('Q074', '7', 'What is Eat in Welsh', NULL),
	('Q075', '7', 'What is Drink in Welsh', NULL),
	('Q081', '8', 'What is Awake in Welsh', NULL),
	('Q082', '8', 'What is Break in Welsh', NULL),
	('Q083', '8', 'What is Choose in Welsh', NULL),
	('Q084', '8', 'What is Grow in Welsh', NULL),
	('Q085', '8', 'What is Overcome in Welsh', NULL),
	('Q091', '9', 'What is She added it in Welsh', NULL),
	('Q092', '9', 'What is We admit it in Welsh', NULL),
	('Q093', '9', 'What is I can accept that in Welsh', NULL),
	('Q094', '9', 'What is She allows it in Welsh', NULL),
	('Q095', '9', 'What is We announce it in Welsh', NULL),
	('Q101', '10', 'What is She appears today in Welsh', NULL),
	('Q102', '10', 'What is She attaches that in Welsh', NULL),
	('Q103', '10', 'What is We beat it in Welsh', NULL),
	('Q104', '10', 'What is I can bring it in Welsh', NULL),
	('Q105', '10', 'What is They don\'t cheat in Welsh', NULL);
/*!40000 ALTER TABLE `QuestionA` ENABLE KEYS */;

-- Dumping structure for table VerbExplorer.UserA
CREATE TABLE IF NOT EXISTS `UserA` (
  `userID` int(11) NOT NULL AUTO_INCREMENT,
  `name` varchar(50) NOT NULL,
  `avatarDir` varchar(254) DEFAULT NULL,
  `score` int(11) DEFAULT NULL,
  PRIMARY KEY (`userID`)
) ENGINE=InnoDB AUTO_INCREMENT=13 DEFAULT CHARSET=latin1;

-- Dumping data for table VerbExplorer.UserA: ~0 rows (approximately)
/*!40000 ALTER TABLE `UserA` DISABLE KEYS */;
INSERT INTO `UserA` (`userID`, `name`, `avatarDir`, `score`) VALUES
	(1, 'Player', 'faceAvatars/avatar9.JPG', 0),
	(2, 'Player', 'faceAvatars/avatar7.JPG', 0),
	(3, 'Player', 'faceAvatars/avatar10.JPG', 0),
	(4, 'Player', 'faceAvatars/avatar1.JPG', 0),
	(5, 'Player', 'faceAvatars/avatar2.JPG', 0),
	(6, 'Player', 'faceAvatars/avatar3.JPG', 0),
	(7, 'Player', 'faceAvatars/avatar4.JPG', 0),
	(8, 'Player', 'faceAvatars/avatar5.JPG', 0),
	(9, 'Player', 'faceAvatars/avatar6.JPG', 0),
	(10, 'Player', 'faceAvatars/avatar7.JPG', 0),
	(11, 'Player', 'faceAvatars/avatar8.JPG', 0),
	(12, 'Player', 'faceAvatars/avatar9.JPG', 0);
/*!40000 ALTER TABLE `UserA` ENABLE KEYS */;

-- Dumping structure for table VerbExplorer.welshQuestion
CREATE TABLE IF NOT EXISTS `welshQuestion` (
  `questionID` varchar(4) NOT NULL,
  `levelID` varchar(2) NOT NULL,
  `questionTitle` varchar(70) NOT NULL,
  `questionHint` varchar(70) DEFAULT NULL,
  PRIMARY KEY (`questionID`),
  KEY `levelID` (`levelID`),
  CONSTRAINT `welshQuestion_ibfk_1` FOREIGN KEY (`levelID`) REFERENCES `LevelA` (`levelID`)
) ENGINE=InnoDB DEFAULT CHARSET=latin1;

-- Dumping data for table VerbExplorer.welshQuestion: ~50 rows (approximately)
/*!40000 ALTER TABLE `welshQuestion` DISABLE KEYS */;
INSERT INTO `welshQuestion` (`questionID`, `levelID`, `questionTitle`, `questionHint`) VALUES
	('Q011', '1', 'Be ydy I\'m going yn Gymraeg', NULL),
	('Q012', '1', 'Be ydy You are going yn Gymraeg', NULL),
	('Q013', '1', 'Be ydy She\'s going yn Gymraeg', NULL),
	('Q014', '1', 'Be ydy He\'s going yn Gymraeg', NULL),
	('Q015', '1', 'Be ydy We are going yn Gymraeg', NULL),
	('Q021', '2', 'Be ydy I went yn Gymraeg', NULL),
	('Q022', '2', 'Be ydy You went yn Gymraeg', NULL),
	('Q023', '2', 'Be ydy He went yn Gymraeg', NULL),
	('Q024', '2', 'Be ydy She went yn Gymraeg', NULL),
	('Q025', '2', 'Be ydy They went yn Gymraeg', NULL),
	('Q031', '3', 'Be ydy I had yn Gymraeg', NULL),
	('Q032', '3', 'Be ydy You had yn Gymraeg', NULL),
	('Q033', '3', 'Be ydy They had yn Gymraeg', NULL),
	('Q034', '3', 'Be ydy She had yn Gymraeg', NULL),
	('Q035', '3', 'Be ydy Listen yn Gymraeg', NULL),
	('Q041', '4', 'Be ydy Sit down yn Gymraeg', NULL),
	('Q042', '4', 'Be ydy Walk yn Gymraeg', NULL),
	('Q043', '4', 'Be ydy Say yn Gymraeg', NULL),
	('Q044', '4', 'Be ydy Listen yn Gymraeg', NULL),
	('Q045', '4', 'Be ydy Sing yn Gymraeg', NULL),
	('Q051', '5', 'Be ydy Jump yn Gymraeg', NULL),
	('Q052', '5', 'Be ydy Wake-up yn Gymraeg', NULL),
	('Q053', '5', 'Be ydy Hurry yn Gymraeg', NULL),
	('Q054', '5', 'Be ydy Speak yn Gymraeg', NULL),
	('Q055', '5', 'Be ydy Discuss yn Gymraeg', NULL),
	('Q061', '6', 'Be ydy Remember yn Gymraeg', NULL),
	('Q062', '6', 'Be ydy Write yn Gymraeg', NULL),
	('Q063', '6', 'Be ydy Read yn Gymraeg', NULL),
	('Q064', '6', 'Be ydy Get up yn Gymraeg', NULL),
	('Q065', '6', 'Be ydy Buy yn Gymraeg', NULL),
	('Q071', '7', 'Be ydy Draw yn Gymraeg', NULL),
	('Q072', '7', 'Be ydy Answer yn Gymraeg', NULL),
	('Q073', '7', 'Be ydy Watch yn Gymraeg', NULL),
	('Q074', '7', 'Be ydy Eat yn Gymraeg', NULL),
	('Q075', '7', 'Be ydy Drink yn Gymraeg', NULL),
	('Q081', '8', 'Be ydy Awake yn Gymraeg', NULL),
	('Q082', '8', 'Be ydy Break yn Gymraeg', NULL),
	('Q083', '8', 'Be ydy Choose yn Gymraeg', NULL),
	('Q084', '8', 'Be ydy Grow yn Gymraeg', NULL),
	('Q085', '8', 'Be ydy Overcome yn Gymraeg', NULL),
	('Q091', '9', 'Be ydy She added it yn Gymraeg', NULL),
	('Q092', '9', 'Be ydy We admit it yn Gymraeg', NULL),
	('Q093', '9', 'Be ydy I can accept that yn Gymraeg', NULL),
	('Q094', '9', 'Be ydy She allows it yn Gymraeg', NULL),
	('Q095', '9', 'Be ydy We announce it yn Gymraeg', NULL),
	('Q101', '10','Be ydy She appears today yn Gymraeg', NULL),
	('Q102', '10','Be ydy She attaches that yn Gymraeg', NULL),
	('Q103', '10','Be ydy We beat it yn Gymraeg', NULL),
	('Q104', '10','Be ydy I can bring it yn Gymraeg', NULL),
	('Q105', '10','Be ydy They don\'t cheat yn Gymraeg', NULL);
/*!40000 ALTER TABLE `welshQuestion` ENABLE KEYS */;

/*!40101 SET SQL_MODE=IFNULL(@OLD_SQL_MODE, '') */;
/*!40014 SET FOREIGN_KEY_CHECKS=IF(@OLD_FOREIGN_KEY_CHECKS IS NULL, 1, @OLD_FOREIGN_KEY_CHECKS) */;
/*!40101 SET CHARACTER_SET_CLIENT=@OLD_CHARACTER_SET_CLIENT */;
